PARMS outputPath=C:\Users\IBM_ADMIN\Downloads\TCKTool
//
// The tool is used with the command: java -jar TestFileGenerator.jar <filespec>
// Example:                           java -jar target\TestFileGenerator.jar ModuleAssertions.csv
//
// The format of this file is as follows:
// * lines beginning with '//', blank lines, and the header line beginning with
//   'Class / Section' are ignored.
// * If the first line begins with 'PARMS', the rest of the line contains parameters for the run.
//   The output path can be specified as parameter.
// * A line containing a single word followed by ';;;;' starts a new module.
// * The tool can generate multiple modules from one input file.
// * The class name is generated from the module name and the contents of the first and 
//   second columns. When this combination changes, you get a new portlet.
//
// The tool recognizes duplicate test case names. You should make sure that there are none.
//
Class / Section;Keywords;Name;Testable;Description
RenderStateTests;;;;
SPEC1_12;RenderState;getRenderParameters;TRUE;Returns an RenderParameters object representing the private and public render parameters.
SPEC1_12;RenderState;getRenderParameters2;TRUE;The RenderParameters object return by this method is immutable.
SPEC1_12;RenderState;getPortletMode;TRUE;Returns the current portlet mode of the portlet.
SPEC1_12;RenderState;getPortletMode2;TRUE;If the portlet mode is not available, PortletMode.UNDEFINED is returned.
SPEC1_12;RenderState;getWindowState;TRUE;Returns the current window state of the portlet.
SPEC1_12;RenderState;getWindowState2;TRUE;If the window state is not available, WindowState.UNDEFINED is returned.